Ausgangs- bzw. Ausbruchsland,Krankheitsbild(er),Datenstand für Fallzahlen gesamt*,Fälle gesamt*,Link zur Quelle 1,Link zur Quelle 2,Link zur Quelle 3,Link zur Quelle 4
Nigeria,Lassafieber ,18.03.2018,1121,"<http://apps.who.int/iris/bitstream/10665/260468/1/OEW10-39032018.pdf>, <http://www.ncdc.gov.ng/diseases/sitreps>",,,
Benin,Lassafieber,05.03.2018,24,<http://apps.who.int/iris/bitstream/10665/260468/1/OEW10-39032018.pdf>,,,
Liberia,Lassafieber,16.03.2018,42,<http://apps.who.int/iris/bitstream/10665/260468/1/OEW10-39032018.pdf>,,,
Ghana,Lassafieber ,02.03.2018,1,<http://apps.who.int/iris/bitstream/10665/260468/1/OEW10-39032018.pdf>,,,
Fiji,Meningitis,,18,,,,
Zentralafrikanische Republik,Affenpocken,16.03.2018,,http://apps.who.int/iris/bitstream/10665/260520/1/OEW11-101632018.pdf,,,
Angola,Cholera,,731,,,,
 Äthiopien (AWD),Cholera,,,,,,
Zambia,Cholera,,3600,,,,
Südafrika,Cholera,,1,,http://apps.who.int/iris/bitstream/handle/10665/260520/OEW11-101632018.pdf?sequence=1,,
Simbabwe,Cholera,,111,,http://apps.who.int/iris/bitstream/handle/10665/260520/OEW11-101632018.pdf?sequence=1,,
Tschad,Cholera,,,,,,
Namibia,Cholera,,,,,,
Yemen,Cholera,,"1,078,997",,,,
Sudan,Cholera,,,,,,
Indien,Cholera,,,,,,
Burundi,Cholera,,,,,,
Demokratische Republik Kongo,Cholera,,6080,,http://apps.who.int/iris/bitstream/handle/10665/260520/OEW11-101632018.pdf?sequence=1,,
Kenia,Cholera,,1476,,http://apps.who.int/iris/bitstream/handle/10665/260520/OEW11-101632018.pdf?sequence=1,,
Malawi,Cholera,,764,,http://apps.who.int/iris/bitstream/handle/10665/260520/OEW11-101632018.pdf?sequence=1,,
Mosambik,Cholera,,2147,,http://apps.who.int/iris/bitstream/handle/10665/260520/OEW11-101632018.pdf?sequence=1,,
Nigeria,Cholera,,589,,http://www.afro.who.int/news/who-supports-nigeria-respond-new-cholera-outbreak-borno-state ,,
Somalia,Cholera,,1313,,,,
Tanzania,Cholera,,1440,,http://apps.who.int/iris/bitstream/handle/10665/260520/OEW11-101632018.pdf?sequence=1,,
Uganda,Cholera,,1695,,http://apps.who.int/iris/bitstream/handle/10665/260520/OEW11-101632018.pdf?sequence=1,,
Oman ,MERS,,,http://www.who.int/csr/don/15-march-2018-mers-oman/en/  ,,,
Saudi-Arabien ,MERS,,,www.promedmail.org,,,
Deutschland,Influenza,,,www.promedmail.org,,,
Syrien,Typhus,19.03.2018,,http://www.promedmail.org/,,,
Deutschland,Enzephalitis,28.03.2018,4,https://www.ecdc.europa.eu/sites/portal/files/documents/Communicable-disease-threats-report-31-mar-2018.pdf,,,
Südsudan,Rifttalfieber,12.03.2018,40 abzgl. 19 non-cases,<http://apps.who.int/iris/bitstream/10665/260468/1/OEW10-39032018.pdf>,,,
Südafrika,Listeriose,22.03.2018,967,"<http://apps.who.int/iris/bitstream/10665/260468/1/OEW10-39032018.pdf>, <http://www.nicd.ac.za/wp-content/uploads/2018/03/Listeria-Sitrep-08Mar2018.pdf>",,,
Südafrika,Listeriose,28.03.2018,978,https://www.ecdc.europa.eu/sites/portal/files/documents/Communicable-disease-threats-report-31-mar-2018.pdf,,,
Kenia,Chikungunyavirus-Erkrankung,26.02.2018,841,http://apps.who.int/iris/bitstream/10665/260468/1/OEW10-39032018.pdf,,,
Namibia,Hepatitis E,16.03.2018,957,<http://apps.who.int/iris/bitstream/10665/260468/1/OEW10-39032018.pdf>,,,
Bangladesch,Diphtherie,13.03.2018,,https://reliefweb.int/sites/reliefweb.int/files/resources/UNICEF%20Bangladesh%20Humanitarian%20Situation%20Report%20%20No.%2025%20-%204%20March%202018.pdf,,,
Bangladesch,Diphtherie,20.03.2018,,http://www.searo.who.int/bangladesh/weeklysitrep18cxb_ban.pdf?ua=1 ,,,
Bangladesch,Diphtherie,13.03.2018,,http://www.searo.who.int/bangladesh/weeklyepidemiologicalbulletinw122018.pdf,,,
Brasilien,Gelbfieber,14.03.2018,,"http://crofsblogs.typepad.com/h5n1/2018/03/brazil-moh-updates-yellow-fever-cases.html, http://portalarquivos2.saude.gov.br/images/pdf/2018/marco/07/Informe-FA-16-7mar18.pdf   ECDC RRA vom 14.03.2018",, ,
Brasilien,Gelbfieber,20.03.2018,,http://www.promedmail.org/,,,
Brasilien,Gelbfieber,20.03.2018,,http://www.promedmail.org/,,,
Nigeria,Gelbfieber,15.03.2018,,http://www.promedmail.org/,,,
Nigeria,Lassafieber ,25.03.2018,,http://www.ncdc.gov.ng/diseases/sitreps/?cat=5&name=An%20update%20of%20Lassa%20fever%20outbreak%20in%20Nigeria,,,
Nigeria,Lassafieber ,01.04.2018,,http://www.ncdc.gov.ng/diseases/sitreps/?cat=5&name=An%20update%20of%20Lassa%20fever%20outbreak%20in%20Nigeria,,,
La Reunion,Denguefieber,16.03.2018,193,https://ecdc.europa.eu/sites/portal/files/documents/Commuicable-disease-threats-report-17-mar-2018.pdf,,,
La Reunion,Denguefieber,27.03.2018,588,https://www.ecdc.europa.eu/sites/portal/files/documents/Communicable-disease-threats-report-31-mar-2018.pdf,,,
La Reunion,Denguefieber,04.04.2018,755,https://www.ocean-indien.ars.sante.fr/situation-de-la-dengue-a-la-reunion ,,,
Liberia,Affenpocken,,,https://www.vanguardngr.com/2018/04/breaking-monkeypox-hits-liberia/,http://apps.who.int/iris/bitstream/handle/10665/272343/OEW14-310306042018.pdf,,
Demokratische Republik Kongo,Affenpocken,,282,http://outbreaknewstoday.com/monkeypox-update-eight-cases-reported-car-51705/,http://apps.who.int/iris/bitstream/handle/10665/272343/OEW14-310306042018.pdf,,
Zentralafrikanische Republik,Affenpocken,,9,http://apps.who.int/iris/bitstream/handle/10665/272343/OEW14-310306042018.pdf,,,
Namibia,Krim-Kongo Hämorrhagisches Fieber,,2,http://apps.who.int/iris/bitstream/handle/10665/272343/OEW14-310306042018.pdf,,,
Uganda,Anthrax,,3,http://www.xinhuanet.com/english/2018-04/06/c_137092261.htm,,,
Australien,Listeriose,02.03.2018,20,http://www.who.int/csr/don/09-april-2018-listeriosis-australia/en/,,,
Brasilien,Gelbfieber,10.04.2018,,http://portalms.saude.gov.br/noticias/agencia-saude/42980-alerta-10-milhoes-ainda-precisam-se-vacinar-contra-febre-amarela,,,
Pakistan,Thyphus,13.04.2018,850,https://www.nytimes.com/2018/04/13/health/drug-resistant-typhoid-epidemic.html,,,
La Reunion,Denguefieber,16.04.2018,1388,,http://www.promedmail.org/post/5749835,,
Madagaskar,Pest,10.04.2018,2673,http://apps.who.int/iris/bitstream/handle/10665/272360/OEW15-071342018.pdf,,,
Südafrika,Listeriose,09.04.2018,1011,http://apps.who.int/iris/bitstream/handle/10665/272360/OEW15-071342018.pdf,,,
Liberia,Lassafieber,,,http://apps.who.int/iris/bitstream/handle/10665/272360/OEW15-071342018.pdf,http://www.promedmail.org/post/5753003,,
Bolivien,Pest,,,http://www.promedmail.org/post/5752357,,,
Simbabwe,Cholera,,36,http://apps.who.int/iris/bitstream/handle/10665/272386/OEW16-142042018.pdf,,,
Uganda,Cholera,,2018,http://apps.who.int/iris/bitstream/handle/10665/272360/OEW15-071342018.pdf ,,,
Angola,Cholera,,853,http://apps.who.int/iris/bitstream/handle/10665/272386/OEW16-142042018.pdf,,,
Angola,Cholera,,42,http://apps.who.int/iris/bitstream/handle/10665/272360/OEW15-071342018.pdf ,,,
Demokratische Republik Kongo,Cholera,,7961,http://apps.who.int/iris/bitstream/handle/10665/272360/OEW15-071342018.pdf ,,,
Malawi,Cholera,,889,http://apps.who.int/iris/bitstream/handle/10665/272360/OEW15-071342018.pdf ,,,
Mosambik,Cholera,,2329,http://apps.who.int/iris/bitstream/handle/10665/272360/OEW15-071342018.pdf ,,,
Nigeria,Cholera,,172,http://apps.who.int/iris/bitstream/handle/10665/260520/OEW11-101632018.pdf?sequence=1,,,
Nigeria,Cholera,,210,http://apps.who.int/iris/bitstream/handle/10665/272360/OEW15-071342018.pdf ,,,
Nigeria,Cholera,,658,http://apps.who.int/iris/bitstream/handle/10665/272360/OEW15-071342018.pdf ,,,
Nigeria,Lassafieber ,15.04.2018,,http://ncdc.gov.ng/themes/common/files/sitreps/bb3b8f16adff5ffc041181d4be1e056f.pdf,http://www.who.int/csr/don/20-april-2018-lassa-fever-nigeria/en/,http://www.cidrap.umn.edu/news-perspective/2018/04/news-scan-apr-18-2018,
Kenia,Cholera,,2534,http://apps.who.int/iris/bitstream/handle/10665/272360/OEW15-071342018.pdf ,,,
Südafrika,Cholera,,1,http://apps.who.int/iris/bitstream/handle/10665/272360/OEW15-071342018.pdf ,,,
Tanzania,Cholera,,1596,http://apps.who.int/iris/bitstream/handle/10665/272360/OEW15-071342018.pdf ,,,
Zambia,Cholera,,5365,http://apps.who.int/iris/bitstream/handle/10665/272360/OEW15-071342018.pdf ,,,
Somalia,Cholera,,1613,,,,
Yemen,Cholera,,,http://www.promedmail.org/post/5732129,,,
Kongo,Cholera,,11,http://apps.who.int/iris/bitstream/handle/10665/272386/OEW16-142042018.pdf,,,
Vereinigtes Königreich,"Gonorrhö, multiresistent",,,,https://assets.publishing.service.gov.uk/government/uploads/system/uploads/attachment_data/file/701185/hpr1418_MDRGC.pdf,,http://www.cidrap.umn.edu/news-perspective/2018/04/stewardship-resistance-scan-apr-20-2018
La Reunion,Leptospirose,,65,http://www.promedmail.org/post/5746842,,,
Schweiz,Tularämie ,,,http://www.promedmail.org/post/5760078,,,
Algerien,Camel Prion Disease ,,,http://www.cidrap.umn.edu/news-perspective/2018/04/mad-camel-disease-new-prion-infection-causes-alarm,,,
Venezuela,Diphtherie,,,,,,
La Reunion,Denguefieber,23.04.2018,1816,,,,
Israel,Tick-borne relapsing fever ,,,http://www.promedmail.org/post/5761531,,,
Australien,Buruli-Ulkus,,,,4/17/2018,,
La Reunion,Denguefieber,23.04.2018,1816,,,,
La Reunion,Denguefieber,23.04.2018,1816,http://mediaroom.sanofi.com/sanofi-updates-information-on-dengue-vaccine/,10/4/2016,,
La Reunion,Denguefieber,?,2119,http://www.promedmail.org/post/5786653,,,
Uganda,Anthrax,,19,http://www.promedmail.org/direct.php?id=20180426.5770330,http://apps.who.int/iris/bitstream/handle/10665/272431/OEW17-2127042018.pdf ,,
Kenia,,,mind 18,http://www.promedmail.org/post/5788496,https://www.standardmedia.co.ke/health/article/2001279669/eight-people-succumb-to-mysterious-disease-in-tiaty,,
Trinidad & Tobago,Malaria,24.04.2018,13,siehe EIS Plattform,https://www.promedmail.org/ Active number 20180428.5771404,,
Brasilien,Gelbfieber,24.04.2018,,http://portalarquivos2.saude.gov.br/images/pdf/2018/maio/03/Informe-FA-24-3maio18-b.pdf,http://www.promedmail.org/ ,,
USA,Hepatitis A,,1200,http://www.cidrap.umn.edu/news-perspective/2018/05/news-scan-may-07-2018,http://www.foodsafetynews.com/2018/05/state-by-state-counts-show-hepatitis-illnesses-up-and-down/#.WvFw92efjac,http://www.foodsafetynews.com/2018/05/hepatitis-a-outbreak-definitely-involves-mainstream-population/#.WvFw9Wefjac,
Niger,Meningitis,,1035,http://apps.who.int/iris/bitstream/handle/10665/272450/OEW18-280404052018.pdf,,,
Brasilien,Gelbfieber,24.04.2018,,http://portalarquivos2.saude.gov.br/images/pdf/2018/abril/26/Informe-FA-23-25abr18.pdf ,http://www.promedmail.org/ ,,
Nigeria,Meningokokken-Meningitis,,3141,http://apps.who.int/iris/bitstream/handle/10665/272431/OEW17-2127042018.pdf ,,,
Demokratische Republik Kongo,Ebola,,21,,http://www.who.int/news-room/detail/08-05-2018-new-ebola-outbreak-declared-in-democratic-republic-of-the-congo,,
Frankreich,Hämolytisch-urämisches Syndrom,,,http://www.promedmail.org/post/5837791,http://santepubliquefrance.fr/Actualites/Epidemie-de-syndrome-hemolytique-et-uremique-pediatrique-a-Escherichia-coli-O26-en-France-metropolitaine-en-lien-avec-la-consommation-de-reblochon-point-au-31-mai-2018,,
Mauretanien,Krim-Kongo Hämorrhagisches Fieber,03.05.2018,1,http://apps.who.int/iris/bitstream/handle/10665/272431/OEW17-2127042018.pdf ,,,
Brasilien,Gelbfieber,11.05.2018,,http://www.cidrap.umn.edu/news-perspective/2018/05/news-scan-may-10-2018,,,
Tanzania,Cholera,,1711,http://apps.who.int/iris/bitstream/handle/10665/272431/OEW17-2127042018.pdf ,,,
Liberia,Lassafieber,,2,http://www.promedmail.org/post/5791763,http://www.promedmail.org/post/5836574,,
Uganda,Cholera,,2117,http://apps.who.int/iris/bitstream/handle/10665/272431/OEW17-2127042018.pdf ,,,
Nigeria,Lassafieber ,,,http://www.afro.who.int/news/nigerias-lassa-fever-outbreak-contained-continued-vigilance-needed-0,,,
Nigeria,Lassafieber ,03.06.2018,,http://www.promedmail.org/post/5840563,http://www.ncdc.gov.ng/diseases/sitreps/?cat=5&name=An%20percent20update%20percent20of%20percent20Lassa%20percent20feverpercent20outbreak%20percent20in%20percent20Nigeria,,
Demokratische Republik Kongo,Cholera,,9149,http://apps.who.int/iris/bitstream/handle/10665/272431/OEW17-2127042018.pdf ,,,
Demokratische Republik Kongo,Ebola,,34,http://www.who.int/news-room/detail/11-05-2018-who-and-partners-working-with-national-health-authorities-to-contain-new-ebola-outbreak-in-the-democratic-republic-of-the-congo,http://www.who.int/csr/don/10-may-2018-ebola-drc/en/,,
Malawi,Cholera,,918,http://apps.who.int/iris/bitstream/handle/10665/272431/OEW17-2127042018.pdf ,,,
Costa Rica,Malaria,,1,http://www.promedmail.org/post/5790914,,,
Simbabwe,Cholera,,40,http://apps.who.int/iris/bitstream/handle/10665/272431/OEW17-2127042018.pdf ,,,
La Reunion,Denguefieber,14.05.2018,2980,,,,
Demokratische Republik Kongo,Ebola,,41,,http://www.who.int/csr/don/14-may-2018-ebola-drc/en/,,
Demokratische Republik Kongo,Ebola,,44,,http://www.who.int/csr/don/17-may-2018-ebola-drc/en/,,
Nigeria,Affenpocken,,,,,,
Indien,,,,,http://www.promedmail.org/post/5812214,http://pib.nic.in/newsite/erelease.aspx,
Kamerun,Affenpocken,,,http://www.promedmail.org/post/5805270,,,
Frankreich,Hämolytisch-urämisches Syndrom,,,,http://santepubliquefrance.fr/Actualites/Cas-de-syndromes-hemolytiques-et-uremiques-en-lien-avec-la-consommation-de-fromage-reblochon-fabrique-par-l-entreprise-Chabert,,
Peru,Guillain-Barré Syndrom,03.05.2018,19,,http://www.promedmail.org/post/5793837,,
,Hepatitis A,,,,,,
Demokratische Republik Kongo,Ebola,,46,http://www.who.int/news-room/detail/21-05-2018-who-supports-ebola-vaccination-of-high-risk-populations-in-the-democratic-republic-of-the-congo,http://www.who.int/csr/don/21-may-2018-ebola-drc/en/,,
Demokratische Republik Kongo,Ebola,,51,,,,
Indien,,,,https://www.thequint.com/news/india/live-updates-nipah-virus,http://crofsblogs.typepad.com/h5n1/2018/05/second-indian-state-reports-suspected-cases-of-rare-nipah-virus-fanning-fears-of-spread.html,https://edition.cnn.com/2018/05/24/health/india-nipah-virus-spreads-family-compensation-intl/index.html,
Indien,,,,http://www.ncdc.gov.in/index4.php?lang=1&level=0&linkid=113&lid=228,,,
Demokratische Republik Kongo,Ebola,,51,,,,
Demokratische Republik Kongo,Ebola,,58,,,,
Brasilien,Gelbfieber,07.05.2018,,,,,
La Reunion,Denguefieber,13.05.2018,3416,,,,
Demokratische Republik Kongo,Ebola,,58,,,,
Indien,,,,http://www.xinhuanet.com/english/2018-05/24/c_137203693.htm,,,
Demokratische Republik Kongo,Ebola,,54,https://mailchi.mp/b7f0ebf115cb/ebola_rdc_28mai,,,
Demokratische Republik Kongo,Ebola,,56,,,,
Demokratische Republik Kongo,Ebola,,56,,,,
Demokratische Republik Kongo,Ebola,,51,https://twitter.com/WHO,http://www.promedmail.org/post/5824986,,
Indien,,,,http://www.promedmail.org/post/5822566,,,
Demokratische Republik Kongo,Ebola,,53,,,,
Indien,,,,http://www.promedmail.org/post/5833137,,,
Iran,Krim-Kongo Hämorrhagisches Fieber,,24,http://www.promedmail.org/post/5836545,http://www.promedmail.org/post/5834414,,
Nigeria,Gelbfieber,,,http://www.promedmail.org/post/5835487,,,
Saudi-Arabien,MERS,,6,http://www.promedmail.org/post/20180530.5829389,,,
Indien,,28.05.2018,,http://www.who.int/csr/don/31-may-2018-nipah-virus-india/en/,,,
Saudi-Arabien,MERS,02.06.2018,12,http://www.promedmail.org/post/5835120,,,
Indien,Japanische-Enzephalitis,,3,http://www.promedmail.org/post/5840545,http://dhs.kerala.gov.in/docs/transfer/addlph/jeguide_01062018.pdf,,
Demokratische Republik Kongo,Ebola,,56,,,,
Indien,,31.05.2018,,https://ecdc.europa.eu/sites/portal/files/documents/Communicable-disease-threats-report-2-june-2018v2.pdf,,,
Kamerun,Affenpocken,30.05.2018,16,http://www.promedmail.org/post/5838919,http://www.who.int/csr/don/05-june-2018-monkeypox-cameroon/en/,,
Taiwan,Japanische-Enzephalitis,,,http://www.promedmail.org/post/5841306,,,
Vereinigte Arabische Emirate,MERS,,,http://www.promedmail.org/post/5824390,https://www.khaleejtimes.com/news/uae-health/first-mers-virus-case-of-2018-detected-in-the-uae--,,
Kenia,Rifttalfieber,,10,http://www.promedmail.org/post/5847216,http://apps.who.int/iris/bitstream/handle/10665/272808/OEW23-020862018.pdf,,
Brasilien,Masern,,995,http://www.who.int/csr/don/11-june-2018-measles-brazil/en/,,,
Uganda,,,1,http://www.promedmail.org/post/5850987,,,
Nigeria,Gelbfieber,,,http://www.promedmail.org/post/5853254,,,
Französisch-Polynesien,Denguefieber,,,https://www.service-public.pf/dsp/2018/06/11/dengue-type-2-alerte/,,,
USA,Pest,,1,http://outbreaknewstoday.com/plague-idaho-reports-first-confirmed-human-case-decades-17590/,,,
Pakistan,Krim-Kongo Hämorrhagisches Fieber,,3,http://www.promedmail.org/post/5852925,,,
USA,,,1,http://www.promedmail.org/post/5849681,,,
Sri Lanka,Leptospirose,Ende Mai,1525,http://outbreaknewstoday.com/sri-lanka-reports-increase-leptospirosis-cases-42227/,,,
Uganda,Krim-Kongo Hämorrhagisches Fieber,,5,http://www.promedmail.org/post/5852928,,,
Liberia,Lassafieber,,112,http://www.promedmail.org/post/5858754,,,
El Salvador,Typhus,,644,http://outbreaknewstoday.com/el-salvador-reports-typhoid-epidemic-hundreds-suspected-cases-44915/,,,
Venezuela ,Polio,,,,,,
Venezuela ,Polio,,,,,,
Kenia,Rifttalfieber,,19,http://www.promedmail.org/post/5858590,http://www.promedmail.org/post/5860330,,
Kenia,Rifttalfieber,,,http://www.who.int/csr/don/18-june-2018-rift-valley-fever-kenya/en/ ,,,
La Reunion,Denguefieber,13.05.2018,3416,,,,
UK,Kuhpocken,,1,http://www.promedmail.org/ ,,,
,Anthrax,,2,,,,
Frankreich,"Gesichtslähmung, Nervensystem betroffen.",,1,http://www.promedmail.org/,,,
Papua-Neuguinea,Polio,25.06.2018,1,http://www.wpro.who.int/papuanewguinea/mediacentre/releases/20180725/en/,,,
Westafrika,hämorrhagisches Fieber,10.06.2018,447,http://apps.who.int/iris/bitstream/handle/10665/272939/OEW25_1622062018.pdf,,,
Kenia,Rifttalfieber,26.06.2018,26,https://www.nation.co.ke/counties/isiolo/Isiolo-closes-slaughterhouses--livestock-markets/1183266-4631900-ecpqa3/index.html,http://www.promedmail.org/post/5877838,,
Französich_Polynesien,Denguefieber,25.06.2018,2,per Email,,,
Kenia,Rifttalfieber,27.06.2018,90,http://apps.who.int/iris/bitstream/handle/10665/272981/OEW26-2329062018.pdf,,,
DRCongo,Ebola,30.06.2018,55,http://apps.who.int/iris/bitstream/handle/10665/272981/OEW26-2329062018.pdf,,,
Spanien,,02.07.2018,14,,,,
Irak,Krim-Kongo Hämorrhagisches Fieber,,1,http://www.promedmail.org/post/5884148,,,
Kolumbien,Polio,,1,,,,
Namibia,Influenza,,8,http://outbreaknewstoday.com/one-dead-seven-hospitalised-swine-flu-outbreak-hits-namibia-13555/,,,
Demokratische Republik Kongo,Polio,,29,http://www.promedmail.org/post/5888125,,,
Indien,,,,http://www.promedmail.org/post/5887151,,,
DRCongo,Ebola,01.07.2018,53,http://apps.who.int/iris/bitstream/handle/10665/272997/SITREP_EVD_DRC_20180701-eng.pdf?ua=1,,,
Philippinen,Leptospirose ,,368 Fälle,http://outbreaknewstoday.com/philippines-leptospirosis-outbreak-declared-manila-22376/,,,
Kenia,Rifttalfieber,06.07.2018,2,http://apps.who.int/iris/bitstream/handle/10665/273028/OEW27-300606072018.pdf,,,
Namibia,Hepatitis E,,1631,http://apps.who.int/iris/bitstream/handle/10665/273028/OEW27-300606072018.pdf,,,
Deutschland,Mikrozephalie,,1,,,,
USA,,,,,https://www.cnbc.com/2018/07/06/us-citizen-cites-mystery-illness-symptoms-after-visiting-china.html,,
Algerien,Brucellose,,67,http://www.promedmail.org/post/5896040,,,
Liberia,Lassafieber,,130,http://www.promedmail.org/post/5898495,,,
Indien,Acute encephalitis syndrome,,1219,http://www.promedmail.org/post/5900435,,,
La Reunion,Denguefieber,01.07.2018,5967,https://ecdc.europa.eu/sites/portal/files/documents/CDTR_14July2018.pdf,,,
Pakistan,Primary Amebic Meningo-encephalitis [PAM],,5,http://www.promedmail.org/post/5901029,,,
Kenia,Rifttalfieber,,120,,http://www.promedmail.org/post/5906083,,
Peru ,Pest,,1,http://www.promedmail.org/post/5905474,,,
DRCongo,,23.07.2018,53,http://apps.who.int/iris/bitstream/handle/10665/273214/OEW29-1420072018.pdf,,,
,,,,,,,
Yemen,Denguefieber,21.07.2018,132,http://www.promedmail.org/direct.php?id=20180726.5928463,,,
"Italien, Griechenland, Ungarn, Rumänien",West-Nil-Fieber,26.07.2018,37,,,,
Uganda,,24.07.2018,5,http://www.promedmail.org/post/5932183,https://www.observer.ug/news/headlines/58281-strange-disease-kills-5-in-mubende.html,,
Uganda,,,14,http://www.promedmail.org/post/5845573,http://www.promedmail.org/post/5933127,,
,,,,,,,
DRC,Ebolafieber,07.08.2018,,http://www.promedmail.org/post/5936610,http://www.who.int/csr/don/4-august-2018-ebola-drc/en/,,
Saudi-Arabien,MERS,,,http://www.cidrap.umn.edu/news-perspective/2018/08/news-scan-aug-06-2018,,,
Papua-Neuguinea,Polio,07.08.2018,3,http://www.cidrap.umn.edu/news-perspective/2018/08/news-scan-aug-07-2018,http://www.who.int/csr/don/02-July-2018-polio-png/en/,,
Südsudan,,07.08.2018,3,http://www.cidrap.umn.edu/news-perspective/2018/08/news-scan-aug-07-2018,,,
Indien,,,,http://www.who.int/csr/don/07-august-2018-nipah-virus-india/en/,,,
Nordeuropa,,07.08.2018,259,http://outbreaknewstoday.com/echovirus-30-increase-cases-reported-northern-europe-31928/,,,
Mali,,07.08.2018,204,https://gphin.canada.ca/cepr/showarticle.jsp?docId=1003639882,,,
Uganda,Krim-Kongo Hämorrhagisches Fieber,06.08.2018,2,https://www.promedmail.org/post/5949636,,,
Nigeria,Polio,,,http://www.cidrap.umn.edu/news-perspective/2018/08/news-scan-aug-08-2018,,,
Tschechien,TBE,30.06.2018,38,https://www.promedmail.org/post/5955369,,,
Mali,,,,,,,
Ukraine,Masern,,,http://outbreaknewstoday.com/measles-ukraine-755-additional-cases-reported-past-week-25812/,,,
Spanien,Krim-Kongo Hämorrhagisches Fieber,09.08.2018,1,http://www.promedmail.org/post/5957008,,,
Angola,,11.08.2018,1,http://www.promedmail.org/post/5960517,,,
Spanien,Legionellose,10.08.2018,5,http://www.promedmail.org/post/5961171,,,
China,Anthrax,10.08.2018,14,http://www.promedmail.org/post/5962202,,,
La Reunion,Denguefieber,29.07.2018,"6,382",https://ecdc.europa.eu/sites/portal/files/documents/communicable-disease-threats-report-11-aug-2018.pdf,,,
"Italien, Serbien, Griechenland, Rumänien, Ungarn, Frankreich, Kosovo, Albanien, Macedonien, Montenegro, Serbien, Türkei",West-Nil-Fieber,03.08.2018,335,ECDC RRA 10 Aug 2018 Early occurrence of a large number of WNV infection.._,,,
Polen,,08.08.2018,14,Siehe Email,,,
DRC,Polio,,,,,,
Brasilien,Hämorrhagisches Fieber,08.08.2018,3,http://www.promedmail.org/post/5962203,,,
Brasilien,Hämorrhagisches Fieber,,,http://www.promedmail.org/post/20180814.5965116,,,
,,,,,,,
,keine,,,http://promedmail.org/post/5963650 ,,,
Papua-Neuguinea,AFP,,1,http://polioeradication.org/news-post/circulating-vaccine-derived-poliovirus-type-1-confirmed-in-papua-new-guinea/,,,
,,,,http://www.who.int/csr/don/02-July-2018-polio-png/en/,,,
Papua-Neuguinea,AFP,,2,http://promedmail.org/post/5946019 ,,,
Papua-Neuguinea,AFP,,3,http://outbreaknewstoday.com/papua-new-guinea-new-polio-case-reported-different-province-39134/,,,
Papua-Neuguinea,,,4,http://www.wpro.who.int/papuanewguinea/mediacentre/releases/20180813-polio-case-in-eastern-highlands/en/ ,,,
Papua-Neuguinea,AFP,,4,http://www.cidrap.umn.edu/news-perspective/2018/08/news-scan-aug-14-2018 ,,,
Typhus,"Diarrhoe, Überkeit, Erbrechen",,355,http://outbreaknewstoday.com/five-killed-350-hospitalized-typhoid-outbreak-spreads-Simbabwe-85682/,,,
USA,Legionellose,,27,http://www.promedmail.org/post/5968728,,,
USA,Influenza,,2,http://www.promedmail.org/post/5966615,,,
Schweiz,FSME ,,272,http://www.promedmail.org/post/5969701,,,
Uganda,?,,2,http://www.promedmail.org/post/5970435,,,
Nigeria,Gelbfieber,,,http://www.promedmail.org/post/5970563,,,
DRC,Ebolafieber,15.08.2018,78,,,,
Algerien,"Nierenversagen; v.a. HUS, Leptospirose",43329,4,http://www.promedmail.org/post/5972699,,,
Frankreich,Anthrax,43332,"0 bei Menschen.
Mehr als 50 Todesfälle bei Kühem. Schafen und Pferden0 bei Menschen.
Mehr als 50 Todesfälle bei Kühem. Schafen und Pferden0 bei Menschen.
Mehr als 50 Todesfälle bei Kühem. Schafen und Pferden0 bei Menschen.
Mehr als 50 Todesfälle bei Kühem. Schafen und Pferden0 bei Menschen.
Mehr als 50 Todesfälle bei Kühem. Schafen und Pferden0 bei Menschen.
Mehr als 50 Todesfälle bei Kühem. Schafen und Pferden0 bei Menschen.
Mehr als 50 Todesfälle bei Kühem. Schafen und Pferden0 bei Menschen.
Mehr als 50 Todesfälle bei Kühem. Schafen und Pferden0 bei Menschen.
Mehr als 50 Todesfälle bei Kühem. Schafen und Pferden0 bei Menschen.
Mehr als 50 Todesfälle bei Kühem. Schafen und Pferden0 bei Menschen.
Mehr als 50 Todesfälle bei Kühem. Schafen und Pferden0 bei Menschen.
Mehr als 50 Todesfälle bei Kühem. Schafen und Pferden0 bei Menschen.
Mehr als 50 Todesfälle bei Kühem. Schafen und Pferden",http://www.promedmail.org/post/5976772,https://www.firstpost.com/tech/science/france-faces-worst-anthrax-outbreak-in-two-decades-amid-a-vaccine-shortage-5006271.html,,
China,Influenza,43332,1,http://www.cidrap.umn.edu/news-perspective/2018/08/news-scan-aug-20-2018,http://www.info.gov.hk/gia/general/201808/20/P2018082000427.htm,,
Pakistan,Krim-Kongo Hämorrhagisches Fieber,,1,http://www.promedmail.org/post/5979055,,,
Vereinigtes Königreich,MERS,43335,1,http://www.promedmail.org/post/5983079,,,
"Italien, Griechenland, Rumanien, Ungarn, Frankreich",West-Nil-Fieber,43336,136,,,,
"Afghanistan,
DR Congo
Nigeria
SomaliaAfghanistan,
DR Congo
Nigeria
SomaliaAfghanistan,
DR Congo
Nigeria
SomaliaAfghanistan,
DR Congo
Nigeria
SomaliaAfghanistan,
DR Congo
Nigeria
SomaliaAfghanistan,
DR Congo
Nigeria
SomaliaAfghanistan,
DR Congo
Nigeria
SomaliaAfghanistan,
DR Congo
Nigeria
SomaliaAfghanistan,
DR Congo
Nigeria
SomaliaAfghanistan,
DR Congo
Nigeria
SomaliaAfghanistan,
DR Congo
Nigeria
SomaliaAfghanistan,
DR Congo
Nigeria
Somalia",,43335,"4 cVDPV2
2 WPV1 in Afghanistan4 cVDPV2
2 WPV1 in Afghanistan4 cVDPV2
2 WPV1 in Afghanistan4 cVDPV2
2 WPV1 in Afghanistan4 cVDPV2
2 WPV1 in Afghanistan4 cVDPV2
2 WPV1 in Afghanistan4 cVDPV2
2 WPV1 in Afghanistan4 cVDPV2
2 WPV1 in Afghanistan4 cVDPV2
2 WPV1 in Afghanistan4 cVDPV2
2 WPV1 in Afghanistan4 cVDPV2
2 WPV1 in Afghanistan4 cVDPV2
2 WPV1 in Afghanistan",http://polioeradication.org/polio-today/polio-now/this-week/,,,
Kanada,,,0,https://www.foodsafetynews.com/2018/08/packaged-pre-chipped-salad-mix-recalled-after-positive-test-for-listeria/,,,
"USA, Delaware",Tollwut,,1,http://outbreaknewstoday.com/rabies-delaware-reports-1st-human-death-decades-38505/,,,
Vereinigtes Königreich,MERS,43335,1,,,,
Kongo,Gelbfieber,43340,1,http://www.promedmail.org/post/5993651,,,
Französiche Guyana,Gelbfieber,,1,http://www.who.int/csr/don/24-august-2018-yellow-fever-french-guiana/en/,,,
"Italien, Griechenland, Rumanien, Ungarn, Frankreich",West-Nil-Fieber,,,http://www.spiegel.de/gesundheit/diagnose/west-nil-fieber-47-todesfaelle-in-griechenland-italien-und-serbien-a-1225534.html,,,
"Italien, Griechenland, Rumanien, Ungarn, Frankreich",West-Nil-Fieber,,,https://idw-online.de/de/news701274,,,
Algerien,Cholera,,,,http://www.promedmail.org/post/5990110,,
,MERS,,,http://www.cidrap.umn.edu/news-perspective/2018/08/news-scan-aug-28-2018,,,
China,Denguefieber,29.08.2018,27,http://outbreaknewstoday.com/hong-kong-additional-local-dengue-case-scientific-committee-vector-borne-diseases-meets-20457/,,,
Algerien,Cholera,,,http://www.promedmail.org/post/5999950,https://www.middleeastmonitor.com/20180830-62-cases-of-cholera-in-algeria-hundreds-suspected/,,
Saudi-Arabien,MERS,,1,http://www.promedmail.org/post/5998414,https://www.moh.gov.sa/en/CCC/events/national/Documents/Epiwk35.pdf,http://www.promedmail.org/post/6002235,http://www.cidrap.umn.edu/news-perspective/2018/08/news-scan-aug-31-2018
Saudi-Arabien,MERS,,,http://www.promedmail.org/post/6002235,https://www.moh.gov.sa/en/CCC/events/national/Documents/Epiwk35.pdf,http://www.cidrap.umn.edu/news-perspective/2018/08/news-scan-aug-31-2019,
USA,Influenza,,1,http://www.cidrap.umn.edu/news-perspective/2018/08/news-scan-aug-31-2018,,,
Vereinigtes Königreich,MERS,23.08.2018,1,http://www.who.int/csr/don/31-august-2018-mers-united-kingdom/en/,,,
Israel,West-Nil-Fieber,,,http://outbreaknewstoday.com/israel-reports-west-nile-virus-situation-points-climate-change-34855/,,,
China,Influenza,,,http://www.promedmail.org/post/5994006,,,
Kongo,Gelbfieber,43340,1,http://www.promedmail.org/post/6003093,,,
Pakistan,Krim-Kongo Hämorrhagisches Fieber,03.09.2018,,http://www.promedmail.org/post/5998148,,,
Papua-Neuguinea,Polio,,4,http://www.wpro.who.int/papuanewguinea/mediacentre/releases/20180823-png-second-round-polio-vaccination/en/,,,
,Masern,20.08.2018,41000,http://www.euro.who.int/en/media-centre/sections/press-releases/2018/measles-cases-hit-record-high-in-the-european-region,,,
"Serbien, Italien, Griechenland, Ungarn,  Rumänien",West-Nil-Fieber,,,http://www.euro.who.int/en/health-topics/communicable-diseases/vector-borne-and-parasitic-diseases/news/news/2018/8/west-nile-virus-infections-spike-in-southern-and-central-europe,,,
Kroatien,West-Nil-Fieber,03.09.2018,,http://www.promedmail.org/post/6004970,,,
Afghanistan,Krim-Kongo Hämorrhagisches Fieber,03.09.2018,250,http://www.promedmail.org/post/6007145,,,
Südafrika,Listeriose,,,,,,
Papua-Neuguinea,Poliomyelitis,,,http://www.promedmail.org/post/201809016002180,,,
Papua-Neuguinea,Poliomyelitis,,,http://www.promedmail.org/post/20180905.6010222,,,
,,,,,,,
VAE Dubai,"Husten, Fieber",,19,http://www.promedmail.org/post/20180905.6009759,,,
Frankreich,Bilharziose,,,http://www.promedmail.org/post/201808305997572,,,
Myanmar,Bilharziose,,,http://www.promedmail.org/post/20180329.5717098,,,
Myanmar,Bilharziose,,,http://www.promedmail.org/post/20180723.5921911,,,
Myanmar,Bilharziose,,,http://www.promedmail.org/post/20180904.6006845,,,
Haiti,Fieber,,,http://promedmail.org/post/20180909.6018117 ,,,
Nigeria,,,,http://promedmail.org/post/20180908.6017005 ,,,
Kuwait,MERS,,,http://promedmail.org/post/20180908.6016517 ,,,
VAE ,"Husten, Fieber",,10,http://www.promedmail.org/post/20180905.6009759,,,
Italien,Lungenentzündung,,,,http://www.promedmail.org/post/6018541,,
Nigeria,,,,http://www.promedmail.org/post/6023180,https://www.bbc.co.uk/news/uk-england-cornwall-45459913 ,,
Papua-Neuguinea,Poliomyelitis,,,http://www.promedmail.org/post/6025528,,,
Nigeria,Affenpocken,,,https://ncdc.gov.ng/news/152/re%3A-monkeypox-cases-in-the-united-kingdom,http://www.cidrap.umn.edu/news-perspective/2018/09/news-scan-sep-12-2018,,
DRC,Ebolafieber,12.09.2018,137,,,,
Südafrika,,,12,http://outbreaknewstoday.com/south-africa-klebsiella-pneumoniae-outbreak-gauteng-hospital-19637/,,,
Papua-Neuguinea,Poliomyelitis,,12,http://outbreaknewstoday.com/papua-new-guinea-polio-outbreak-rises-12-vaccination-campaign-expanded-cover-children-aged-15-years-69751/,,,
Simbabwe,Cholera,,>1000,,http://apps.who.int/iris/bitstream/handle/10665/274335/OEW36-15092018.pdf,,
Simbabwe,Cholera,,>3.300,http://apps.who.int/iris/bitstream/handle/10665/274452/OEW37-0814092018.pdf,,,
Dominikanische Republik,Malaria,19.09.2018,294,http://outbreaknewstoday.com/dominican-republic-local-malaria-transmission-santo-domingo-51444/,http://www.promedmail.org/post/6033574,https://www.elcaribe.com.do/2018/09/05/panorama/almuerzo-semanal/confirma-hay-brote-de-malaria-en-sectores-de-santo-domingo-oeste/,
Uganda,Anthrax,,28,http://outbreaknewstoday.com/anthrax-outbreaks-uganda-turkey-82702/,,,
Türkei,Anthrax,,,http://outbreaknewstoday.com/anthrax-outbreaks-uganda-turkey-82702/,,,
Madagaskar,Pest,01.08.2018,,http://outbreaknewstoday.com/plague-resurfacing-madagascar-99090/,,,
Ukraine,Masern,19.09.2018,30744,http://outbreaknewstoday.com/ukraine-measles-update-30744-cases-2018-date-31314/,,,
Romänien,West-Nil-Fieber,19.09.2018,200,http://www.promedmail.org/post/6032455,,,
Deutschland,West-Nil-Fieber,,,http://www.promedmail.org/post/6032455,,,
,West-Nil-Fieber,,,http://www.promedmail.org/post/6032455,,,
Israel,Leptospirose,Mitte Sept.,620,http://www.promedmail.org/post/6045574,,,
Costa Rica,Leptospirose,,1,,,,
Simbabwe,Cholera,21.09.2018,5891,http://apps.who.int/iris/bitstream/handle/10665/274791/OEW38-1521092018.pdf ,http://outbreaknewstoday.com/cholera-outbreak-zimbabwe-reports-thousands-cases-67706/ ,,
Madagaskar,Pest,24.09.2018,21,http://www.sante.gov.mg/home/n ,https://reliefweb.int/report/madagascar/communication-sur-la-situation-de-la-peste-madagascar-du-21-septembre-2018,,
Nigeria,Affenpocken,15.09.2018,76,https://ncdc.gov.ng/themes/common/files/sitreps/6c3cf1e472c509190602a5d431c0af1e.pdf,,,
Niger,Cholera,21.09.2018,3403,http://apps.who.int/ihr/eventinformation/event/2018-e000284,,,
Madagaskar,Pest,25.09.2018,22,http://www.sante.gov.mg/home/n ,,,
Nigeria,Affenpocken,26.09.2018,3,https://www.gov.uk/government/news/monkeypox-case-in-england,https://www.independent.co.uk/news/health/monkeypox-latest-victims-blackpool-disease-spread-treatment-uk-phe-a8555471.html,https://edition.cnn.com/2018/09/26/health/third-monkeypox-case-uk-intl/index.html ,http://www.cidrap.umn.edu/news-perspective/2018/09/uk-confirms-monkeypox-healthcare-worker
Liberia,Gelbfieber,27.09.2018,0,http://www.promedmail.org/direct.php?id=20180929.6059979 ,https://frontpageafricaonline.com/health/liberia-yellow-fever-suspected-in-grand-kru-county/,,
China,,,1,http://www.cidrap.umn.edu/news-perspective/2018/10/news-scan-oct-01-2018,http://www.promedmail.org/post/6063125,,
Indien,,,,http://www.promedmail.org/post/6065964,,,
Nigeria,,,,http://www.who.int/csr/don/05-october-2018-monkeypox-nigeria/en/,,,
Frankreich,,,1,,,,
Tschechische Republik,,9/27/2018,1,http://www.promedmail.org/post/6069771,,,
Sudan,,09.10.2019,13 430,http://www.promedmail.org/post/6078917,http://applications.emro.who.int/docs/epi/2018/Epi_Monitor_2018_11_39.pdf?ua=1,,
Großbritannien,,,2,http://www.promedmail.org/post/6079171,,,
Spanien,,,50,http://www.promedmail.org/,,,
Japan,Röteln,26.09.2018,777,http://www.promedmail.org/post/6081498,,,
USA,,,57,http://www.promedmail.org/post/6081308,http://www.promedmail.org/post/20181006.6075346,http://www.promedmail.org/post/20181007.6076284,http://www.promedmail.org/post/20181008.6078216
USA,,,41,http://www.cidrap.umn.edu/news-perspective/2018/10/news-scan-oct-10-2018,http://www.promedmail.org/post/6081500,,
Canada,,31.12.2017,959,http://www.cidrap.umn.edu/news-perspective/2018/10/news-scan-oct-10-2018,,,
Bolivien,,,10,https://www.promedmail.org/post/6085684,,,
Italien,Cryptic severe Plasmodium falciparum malaria,,1,https://www.eurosurveillance.org/docserver/fulltext/eurosurveillance/23/41/eurosurv-23-41.pdf?expires=1539331213&id=id&accname=guest&checksum=B77A7E3D3E61994124B88DDF4144DCFF,,,
Israel,,10/12/2018,1,http://www.promedmail.org/post/6088822,,,
Sudan,,11.10.2018,"15,944",http://outbreaknewstoday.com/sudan-chikungunya-kassala-52531/,,,
Spanien,,,,http://outbreaknewstoday.com/spain-reports-1st-local-transmission-dengue-fever-12911/,,,
Tunesien,,,177,http://applications.emro.who.int/docs/epi/2018/Epi_Monitor_2018_11_41.pdf?ua=1,,,
Haiti,,,,https://www.paho.org/hq/index.php?option=com_docman&view=download&category_slug=2018-9581&alias=46636-11-october-2018-cholera-epidemiological-update-1&Itemid=270&lang=en,,,
Spanien,,,13,http://www.promedmail.org/post/6094845,,,
USA,AFP,,127,http://outbreaknewstoday.com/cdc-acute-flaccid-myelitis-number-cases-reported-time-period-2018-similar-reported-fall-2014-2016/,http://www.promedmail.org/post/6090709,,
USA,,,92,http://www.cidrap.umn.edu/news-perspective/2018/10/news-scan-oct-17-2018,,,
Yemen,,,"1,207,596",http://www.promedmail.org/post/6096128,,,
Hong Kong,,,9,http://outbreaknewstoday.com/hong-kong-investigates-invasive-burkholderia-cepacia-cluster-40830/,,,
Südafrika,Melioidosis,,1,http://www.promedmail.org/post/6096216,,,
Schweiz,,,12,http://www.promedmail.org/post/6097249,,,
Venezuela ,Malaria,15.10.2018,"650,000",http://www.promedmail.org/post/6101954,,,
Australien,Buruli-Ulkus,20.10.2018,276,http://www.promedmail.org/post/6102737,https://www.theage.com.au/national/victoria/flesh-eating-ulcer-cases-rapidly-increase-spread-on-victorian-coast-20181020-p50ax6.html,,
Philippinen,Leptospirose,24.09.2018,372,http://outbreaknewstoday.com/leptospirosis-cases-skyrocket-pangasinan-philippines-13176/,,,
Spanien,Denguefieber,,3,http://outbreaknewstoday.com/dengue-in-spain-3rd-autochthonous-case-confirmed-66970/,https://ecdc.europa.eu/sites/portal/files/documents/communicable-disease-threats-report-20-oct-2018.pdf,https://www.mscbs.gob.es/gabinete/notasPrensa.do?id=4393,
Frankreich,Denguefieber,18.10.2018,6,https://ecdc.europa.eu/sites/portal/files/documents/communicable-disease-threats-report-20-oct-2018.pdf,https://www.ouest-france.fr/sante/alpes-maritimes-un-foyer-de-dengue-detecte-apres-quatre-nouveaux-cas-6024838,,
Papua-Neuguinea,Poliomyelitis,,18,http://outbreaknewstoday.com/polio-three-cases-reported-papua-new-guinea-38314/,,,
Senegal,Denguefieber,18.10.2018,181,http://apps.who.int/iris/bitstream/handle/10665/275493/OEW42-1319102018.pdf,,,
USA,Hepatitis A,13.10.218,3762,http://www.promedmail.org/post/6105628,https://chfs.ky.gov/agencies/dph/Pages/default.aspx,https://dhhr.wv.gov/oeps/disease/viral-hepatitis/Pages/hepA_outbreak.aspx,https://edition.cnn.com/2018/10/24/health/hepatitis-a-vaccine-homeless-cdc/index.html
Kenya,Anthrax,24.10.2018,9,http://www.promedmail.org/post/6110086,https://www.nation.co.ke/counties/tharaka-nithi/Man-dies-of-suspected-anthrax/3370192-4820874-oajrmgz/index.html,,
Afghanistan,Krim-Kongo Hämorrhagisches Fieber,23.10.2018,455,http://www.promedmail.org/post/6111462,https://www.telegraph.co.uk/news/2018/10/23/congo-fever-spreads-afghanistan-displaced-farmers-move-livestock/,,
Japan,Röteln,18.10.2018,1289,http://www.promedmail.org/post/6110667,https://mainichi.jp/english/articles/20181016/p2g/00m/0dm/046000c,https://wwwnc.cdc.gov/travel/notices/alert/rubella-japan,
Nigeria,Affenpocken,13.10.2018,86,http://www.promedmail.org/post/6115566,https://ncdc.gov.ng/diseases/sitreps/?cat=8&name=An%20Update%20of%20Monkeypox%20Outbreak%20in%20Nigeria,,
Zentralafrikanische Republik,Gelbfieber,20.10.2018,2,https://www.acap.cf/Le-Ministre-Pierre-Somse-declare-l-epidemie-de-la-Fievre-Jaune-en-Republique-Centrafricaine_a8976.html,Round Table report 29.10.2018,http://apps.who.int/iris/bitstream/handle/10665/275620/OEW43-2026102018.pdf,
Kamerun,Cholera,23.10.2018,600,http://apps.who.int/iris/bitstream/handle/10665/275620/OEW43-2026102018.pdf,,,
Senegal,Denguefieber,27.10.2018,1740,http://apps.who.int/iris/bitstream/handle/10665/275620/OEW43-2026102018.pdf,,,
USA,AFP,,,http://outbreaknewstoday.com/acute-flaccid-myelitis-confirmed-cases-rise-72-us-32312/,,,
DRC,Affenpocken,14.10.2018,"3,057",http://apps.who.int/iris/bitstream/handle/10665/275620/OEW43-2026102018.pdf,,,
Madagaskar,Pest,17.10.2018,82,http://apps.who.int/iris/bitstream/handle/10665/275620/OEW43-2026102018.pdf,,,
DRC,Ebolafieber,29.10.2018,276,,,,
Nigeria,Lassafieber ,21.10.2018,,http://www.promedmail.org/post/6119637,https://ncdc.gov.ng/diseases/sitreps/?cat=5&name=An%20update%20of%20Lassa%20fever%20outbreak%20in%20Nigeria,,
Nigeria,Poliomyelitis,September 2018,6,http://www.who.int/csr/don/30-october-2018-polio-niger/en/,,,
USA,,28.10.2018,25,http://www.promedmail.org/post/6117463,,,
Madagaskar,Pest,17.10.2018,,http://outbreaknewstoday.com/madagascar-additional-plague-case-reported-tsiroanomandidy-38-since-august-58610/,,,
Äthiopien,Gelbfieber,26.10.2018,35,http://apps.who.int/iris/bitstream/handle/10665/275741/OEW44-271002112018.pdf,,,
Spanien,Denguefieber,,5,http://outbreaknewstoday.com/spain-dengue-two-additional-autochthonous-cases-reported-murcia-65368/,,,
USA,AFP,,,https://www.cdc.gov/acute-flaccid-myelitis/afm-surveillance.html,,,
DRC,Ebolafieber,05.11.2018,300,,,,
DRC,Ebolafieber,07.11.2018,305,,http://www.cidrap.umn.edu/news-perspective/2018/11/drc-reports-3-ebola-cases-high-risk-village-2-others,,
Afghanistan,Sepsis,11/6/2018,12,http://www.promedmail.org/post/6130210,,,
Venezuela,Diphtherie,07.11.2018,2170,http://outbreaknewstoday.com/venezuela-diphtheria-case-tally-hits-800-2018/,,,
Thailand,Denguefieber,10/29/2018,70000,http://outbreaknewstoday.com/dengue-cases-top-70000-thailand-1st-10-months-16911/,,,
Neuseeland,Meningitis,,36,http://www.promedmail.org/post/6134701,,,
Indonesien,Japanische-Enzephalitis,2017,281,,,,
Griecheland,Malaria,09.11.2018,9,,,,
,,,,,,,
Hong Kong,Hepatitis A,11.11.2018,14,http://outbreaknewstoday.com/hepatitis-cases-rise-hong-kong-70754/,,,
USA,,28.10.2018,39,http://www.cidrap.umn.edu/news-perspective/2018/11/news-scan-nov-09-2018,,,
Japan,AFP,12.11.2018,28,http://www.promedmail.org/post/6137813,,,
Südafrika,NEC (Nekrotisierende Enterokolitis),08.11.2018,,http://www.promedmail.org/post/6135130,,,
Indien,Japanische-Enzephalitis,,,http://www.promedmail.org/post/6141152,,,
Senegal,Denguefieber,12.11.2018,2123,http://outbreaknewstoday.com/dengue-outbreak-in-senegal-includes-cdc-travel-notice-43971/,,,
Italien,,11/12/2018,74,,,,
Namibia,Hepatitis E,,3628,http://apps.who.int/iris/bitstream/handle/10665/275825/OEW45-0309112018.pdf,,,
Marokko,Tollwut,2018,,http://www.promedmail.org/post/6142425,,,
Nigeria,Lassafieber ,Jan-4.Nov 2018,2950,http://www.promedmail.org/post/6143083,,,
Nigeria,Affenpocken,9.11.2018,3,,,,
Indien,,2.11.2018,157,,,,
USA,Masern,13.11.2018,103,http://www.cidrap.umn.edu/news-perspective/2018/11/news-scan-nov-14-2018,,,
Australien,,,512,http://www.promedmail.org/post/6146755,,,
Ireland,Mumps,,,http://www.promedmail.org/post/6148920,,,
Namibia, ,,13,http://www.promedmail.org/post/6152732,,,
Spanien,Denguefieber,,6,http://outbreaknewstoday.com/dengue-fever-autochthonous-case-reported-catalonia-79095/,,,
Malaysia,Tollwut,July 2017 -22.10.2018,13,,,,
Wales,,Juni-Nov 2018,,https://www.eurosurveillance.org/docserver/fulltext/eurosurveillance/23/46/eurosurv-23-46.pdf?expires=1542619045&id=id&accname=guest&checksum=06E0705C273BC49990CC352FB3D98F68,,,
Vietnam,Hand Foot Mouth Disease,,,https://www.eurosurveillance.org/docserver/fulltext/eurosurveillance/23/46/eurosurv-23-46.pdf?expires=1542619045&id=id&accname=guest&checksum=06E0705C273BC49990CC352FB3D98F68,,,
Hong Kong,Hepatitis E,19.11.20108,2,http://www.promedmail.org/post/6153527,https://coconuts.co/hongkong/news/second-human-case-rat-hepatitis-e-discovered-3-months/,,
USA,Norovirus-Gastroenteritis,14.11.2018,145 ,https://www.msn.com/en-us/health/medical/norovirus-strikes-shelters-for-california-wildfire-evacuees/ar-BBPMIwE,http://www.promedmail.org/post/6154575,http://www.buttecounty.net/News-Announcements/CategoryID/4/userid/-1/ArtMID/3464/ArticleID/1280/NorovirusGastrointestinal-Illness-in-Butte-County-Shelters,
Kamerun,Cholera,09.11.2018,863,http://apps.who.int/iris/bitstream/handle/10665/275935/OEW46-1016112018.pdf,,,
Americas,Denguefieber,03.11.2018,446.150,https://www.paho.org/hq/index.php?option=com_docman&view=download&category_slug=2018-9581&alias=47045-21-november-2018-dengue-epidemiological-alert-1&Itemid=270&lang=en,,,
Demokratische Republik Kongo,Ebolafieber,22.11.2018,393,https://mailchi.mp/sante.gouv.cd/ebola_kivu_22nov?e=d447e5b0c4,,,
Niederlande,Gelbfieber,24.11.2018,1,http://apps.who.int/ihr/eventinformation/event/2018-e000459,,,
Nigeria,Lassafieber ,18.11.2018,3086,http://www.promedmail.org/post/6162269,,,
USA,Syphilis,25.11.2018,45,http://outbreaknewstoday.com/arizona-reports-45-congenital-syphilis-cases-november-16806/,,,
Spanien,Legionellose,22.11.2018,5,,,,
China,Influenza,23.11.2018,4,,http://outbreaknewstoday.com/h5n6-avian-influenza-chinese-girl-hospitalized-serious-condition-65125/,,
Libanon,Tollwut,,erhöhte Fallzahlen seit 2013,http://www.promedmail.org/post/6165933,,,
Papua-Neuguinea,,20.11.2018,25 (im Jahr 2018),http://polioeradication.org/polio-today/polio-now/this-week/,,,
"Namibia, Opuwo District, Kunene Region",Milzbrand,,,http://outbreaknewstoday.com/suspected-anthrax-outbreak-namibia-affects-dozens-42968/,,,
USA,"AFP, AFM",26.11.2018,286,http://www.cidrap.umn.edu/news-perspective/2018/11/news-scan-nov-27-2018,,,
"Indien, Jaipur",,,,http://www.cidrap.umn.edu/news-perspective/2018/11/news-scan-nov-27-2018,https://academic.oup.com/jtm/advance-article/doi/10.1093/jtm/tay132/5198607,,
DRC,,,,,,,
"DRC, Nord Kivu",Hämorrhagisches Fieber,29.11.2018,426,https://twitter.com/MinSanteRDC,,,
Dominikanische Republik,Malaria,04.12.2018,438,http://www.promedmail.org/post/6177037,,,
Syrien,Poliomyelitis,02.12.2018,74,http://www.emro.who.int/syr/syria-news/polio-outbreak-successfully-stopped.html,http://www.cidrap.umn.edu/news-perspective/2018/12/news-scan-dec-03-2018,,
Südsudan,Gelbfieber,30.11.2018,1,http://apps.who.int/iris/bitstream/handle/10665/276298/OEW48-2430112018.pdf,,,
Argentinien,,,,http://www.promedmail.org/post/6178716,,,
Malaysia,Tollwut,,,http://outbreaknewstoday.com/malaysia-rabies-follow-13th-death-sarawak-62806/,,,
Panama,,25.11.2018,93,,,,
Nigeria,Lassafieber ,02.12.2018,3229,http://apps.who.int/iris/bitstream/handle/10665/276677/OEW49-0107122018.pdf,,,
Japan,Röteln,05.12.2018,2454,http://outbreaknewstoday.com/japan-rubella-outbreak-grows-vaccines-offered-men-39-56-75726/,,,
Fidschi,Typhus abdominalis,08.12.2018,45,http://outbreaknewstoday.com/fiji-reports-typhoid-outbreak-naitasiri-25485/,,,
Uruguay,Leishmaniose,06.12.2018,1,http://www.msp.gub.uy/noticia/uruguay-registra-primer-caso-de-leishmaniasis-en-humanos-en-un-continente-donde-el-mal-es,http://outbreaknewstoday.com/uruguay-reports-1st-human-leishmaniasis-case-25468/,,
Madagaskar,Pest,11.12.2018,,http://outbreaknewstoday.com/plague-count-grows-madagascar-86475/,,,
Thailand,,10.12.2018,2143,http://outbreaknewstoday.com/chikungunya-rising-dramatically-southern-thailand-83238/,,,
DRC,Poliomyelitis,17.12.2018,4,,,,
Großbritannien,AFP,19.12.2018,28,https://www.gov.uk/government/news/phe-investigating-rise-in-reports-of-rare-illness,,,
Indien,Japanische-Enzephalitis,15.12.2018,108,http://www.promedmail.org/post/6216363,,,
Namibia,Hepatitis E,02.12.2018,4009,http://apps.who.int/iris/bitstream/handle/10665/277377/OEW51-1521122018.pdf,,,
Simbabwe,Cholera,20.12.2018,10.604,http://apps.who.int/iris/bitstream/handle/10665/277377/OEW51-1521122018.pdf,,,
Benin,Lassafieber ,26.12.2018,7,https://lanouvelletribune.info/2018/12/benin-cinq-cas-confirmes-de-lassa-dont-un-a-cotonou/,12/21/2018,https://www.osac.gov/pages/ContentReportDetails.aspx?cid=25304,
Frankreich: Neukaledonien,Denguefieber,26.12.2018,2030,https://dass.gouv.nc/votre-sante-maladies/la-dengue-le-chikungunya-et-le-zika,12/27/2018,,
Usbekistan,Malaria,,,http://www.promedmail.org/post/6226872,,,
"Nigeria, Edo State",Gelbfieber,24.12.2018,139,,,,
,,,,,,,
,,,,,,,
,,,,,,,
,,,,,,,
,,,,,,,
,,,,,,,
,,,,,,,
,,,,,,,
,,,,,,,
,,,,,,,
,,,,,,,
,,,,,,,
,,,,,,,
,,,,,,,
,,,,,,,
,,,,,,,
,,,,,,,
,,,,,,,
,,,,,,,
,,,,,,,
,,,,,,,
,,,,,,,
,,,,,,,
,,,,,,,
,,,,,,,
,,,,,,,
,,,,,,,
,,,,,,,
,,,,,,,
,,,,,,,
,,,,,,,
,,,,,,,
,,,,,,,
,,,,,,,
,,,,,,,
,,,,,,,
,,,,,,,
,,,,,,,
,,,,,,,
,,,,,,,
,,,,,,,
,,,,,,,
,,,,,,,
,,,,,,,
,,,,,,,
,,,,,,,
,,,,,,,
,,,,,,,
,,,,,,,
,,,,,,,
,,,,,,,
,,,,,,,
,,,,,,,
,,,,,,,
,,,,,,,
,,,,,,,
,,,,,,,
,,,,,,,
